"category","relevance","relevance_variance"
"samsonite""",4,0
"deep fryers",3.82820512820513,0.13974358974359
"Donut Shoppe K Cups",3.48384615384615,0.483948717948718
"men earrings diamond squared",3.45659090909091,0.423477272727273
"fifa 15",3.4536,0.32648
