"category","relevance","relevance_variance"
"reusable straws",1.23261904761905,0.341178571428571
"ps3 memory card",1.22809090909091,0.367681818181818
"Brett Favre NY Titans jersey blue",1.2181512605042,0.266756302521008
"hollister polo",1.01216216216216,0.210027027027027
"metal lathe",0.987647058823529,0.218872549019608
